RBD,Establecimiento,Acción,Página,Documento PDF
No identificado,Alto Cordillera,Vinculación Institucional Educación e Infancia.,7,Alto_Cordillera PME.pdf
No identificado,Alto Cordillera,Plan de Trabajo: Área de Sostenibilidad y Cuidado del Medio Ambiente.,25,Alto_Cordillera PME.pdf
No identificado,Alto Cordillera,"Articulación de Educación con Redes Extras ( Salud, Suyai, PDI, HPV)",25,Alto_Cordillera PME.pdf
No identificado,Alto Cordillera,Potenciando el Liderazgo,26,Alto_Cordillera PME.pdf
No identificado,Alto Cordillera,"Competencias Deportivas, Culturales y Recreativas (EDEX)",27,Alto_Cordillera PME.pdf
No identificado,Alto Cordillera,Pertenencia e Identidad del Liceo,28,Alto_Cordillera PME.pdf
No identificado,Alto Cordillera,Apoyo Integral a los estudiantes de Prekinder a Cuarto Medio,28,Alto_Cordillera PME.pdf
No identificado,Alto Cordillera,Liderando los Recreos Entretenidos,29,Alto_Cordillera PME.pdf
No identificado,Alto Cordillera,Servicios Tecnológicos.,31,Alto_Cordillera PME.pdf
No identificado,Alto Cordillera,Profesionales de Apoyo,32,Alto_Cordillera PME.pdf
No identificado,Alto Cordillera,Servicio de Multicopiado.,33,Alto_Cordillera PME.pdf
No identificado,Alto Cordillera,Insumos de Oficina y Librería.,33,Alto_Cordillera PME.pdf
No identificado,Alto Cordillera,Artículos Deportivos y Recreativos,35,Alto_Cordillera PME.pdf
No identificado,Alto Cordillera,Medallas y Galvanos.,35,Alto_Cordillera PME.pdf
No identificado,Alto Cordillera,Transporte para Salidas Pedagógicas,36,Alto_Cordillera PME.pdf
No identificado,Alto Cordillera,Artículos Escolares Específicos.,37,Alto_Cordillera PME.pdf
No identificado,Alto Cordillera,Insumos tecnológicos,38,Alto_Cordillera PME.pdf
No identificado,Alto Cordillera,"Construcción escenario móvil, multipropósito",39,Alto_Cordillera PME.pdf
No identificado,Alto Cordillera,Orientaciones para Promover el Bienestar y el Resguardo de la Salud Mental en las Comunidades Educat,24,Alto_Cordillera PME.pdf
No identificado,Alto Cordillera,Actividades Comunales de Formación Integral.,23,Alto_Cordillera PME.pdf
No identificado,Alto Cordillera,Implementar rincones de la calma,30,Alto_Cordillera PME.pdf
No identificado,Alto Cordillera,Capacitación a los apoderados del Programa de Integración del Liceo,22,Alto_Cordillera PME.pdf
No identificado,Alto Cordillera,Adecuación de una sala común a una sala de música,22,Alto_Cordillera PME.pdf
No identificado,Alto Cordillera,Capacitación Docente,8,Alto_Cordillera PME.pdf
No identificado,Alto Cordillera,Acompañamiento Pedagógico,9,Alto_Cordillera PME.pdf
No identificado,Alto Cordillera,Salidas Pedagógicas,10,Alto_Cordillera PME.pdf
No identificado,Alto Cordillera,Monitoreo Pedagógico,11,Alto_Cordillera PME.pdf
No identificado,Alto Cordillera,Estrategia de Transición Educativa (ETE),11,Alto_Cordillera PME.pdf
No identificado,Alto Cordillera,"Aplicación de Instrumentos Estandarizados (DIA, SIMCE)",12,Alto_Cordillera PME.pdf
No identificado,Alto Cordillera,Fortalecer e innovar estrategias del Programa de Integración,13,Alto_Cordillera PME.pdf
No identificado,Alto Cordillera,Mejorando la fluidez lectora,14,Alto_Cordillera PME.pdf
No identificado,Alto Cordillera,Plan Lector,8,Alto_Cordillera PME.pdf
No identificado,Alto Cordillera,Licenciatura y reconocimiento al mérito,21,Alto_Cordillera PME.pdf
No identificado,Alto Cordillera,Desarrollando la cultura ambientalista (Sello ecológico),16,Alto_Cordillera PME.pdf
No identificado,Alto Cordillera,Evaluación y reflexión término año escolar,17,Alto_Cordillera PME.pdf
No identificado,Alto Cordillera,Redes comunales COMUDEF 2025. Fortaleciendo la,18,Alto_Cordillera PME.pdf
No identificado,Alto Cordillera,Pedagógica a través de la Colaboración.,18,Alto_Cordillera PME.pdf
No identificado,Alto Cordillera,Plan Comunal de Fomento a la Asistencia 2025.,18,Alto_Cordillera PME.pdf
No identificado,Alto Cordillera,Reactivación de la asistencia a clases,19,Alto_Cordillera PME.pdf
No identificado,Alto Cordillera,Equipamiento de Investigación y Ciencias,20,Alto_Cordillera PME.pdf
No identificado,Alto Cordillera,Plan Nacional de Tutorías,15,Alto_Cordillera PME.pdf
No identificado,Andrés Bello,Articulación Educación-Salud,31,Andrés_Bello PME.pdf
No identificado,Andrés Bello,Mesa Territorial Cesfam,30,Andrés_Bello PME.pdf
No identificado,Andrés Bello,Desarrollo de Habilidades Parentales y Vinculación con la Comunidad Educativa,29,Andrés_Bello PME.pdf
No identificado,Andrés Bello,Vinculación Familia Escuela,25,Andrés_Bello PME.pdf
No identificado,Andrés Bello,Actividades Comunales de Formación Integral,27,Andrés_Bello PME.pdf
No identificado,Andrés Bello,Materiales de regulación emocional,26,Andrés_Bello PME.pdf
No identificado,Andrés Bello,Orientaciones para Promover el Bienestar y el Resguardo de la Salud Mental en la comunidad educativa,32,Andrés_Bello PME.pdf
No identificado,Andrés Bello,Plan de trabajo: Área de sostenibilidad y cuidado del medio ambiente,28,Andrés_Bello PME.pdf
No identificado,Andrés Bello,Servicios Tecnológicos,33,Andrés_Bello PME.pdf
No identificado,Andrés Bello,Dotar de insumos audiovisulaes a los espacios educativos (salas de clases),38,Andrés_Bello PME.pdf
No identificado,Andrés Bello,Servicio de multicopiado,35,Andrés_Bello PME.pdf
No identificado,Andrés Bello,Transporte Para Salidas Pedagogicas,35,Andrés_Bello PME.pdf
No identificado,Andrés Bello,Reconocimiento semestral a estudiantes destacados,36,Andrés_Bello PME.pdf
No identificado,Andrés Bello,Insumos de Oficina y Librería.,39,Andrés_Bello PME.pdf
No identificado,Andrés Bello,Artículos Deportivos y Recreativos.,40,Andrés_Bello PME.pdf
No identificado,Andrés Bello,Medallas y Galvanos,41,Andrés_Bello PME.pdf
No identificado,Andrés Bello,Artículos Escolares Especificos,42,Andrés_Bello PME.pdf
No identificado,Andrés Bello,Actividades institucionales y Ceremonias 2025,43,Andrés_Bello PME.pdf
No identificado,Andrés Bello,Profesionales de apoyo,34,Andrés_Bello PME.pdf
No identificado,Andrés Bello,Recreos entretenidos y actividades lúdicas de integración.,24,Andrés_Bello PME.pdf
No identificado,Andrés Bello,Apoyo a los estudiantes con NNE,12,Andrés_Bello PME.pdf
No identificado,Andrés Bello,"Concienciación de Programa de Integración escolar PIE, entre los miembrosde la comiunidad educat",22,Andrés_Bello PME.pdf
No identificado,Andrés Bello,Vinculación Liceo - estudiantes-padres y apoderados,23,Andrés_Bello PME.pdf
No identificado,Andrés Bello,"Aplicación de instrumentos de evaluación Estandarizados, Prueba DIA.",6,Andrés_Bello PME.pdf
No identificado,Andrés Bello,Plan de acompañamiento a estudiantes decreto 67,7,Andrés_Bello PME.pdf
No identificado,Andrés Bello,Salidas pedagógicas,8,Andrés_Bello PME.pdf
No identificado,Andrés Bello,Implementación de estrategias diversificadas de apoyo a la trayectoria educativa,9,Andrés_Bello PME.pdf
No identificado,Andrés Bello,Plan Lector,10,Andrés_Bello PME.pdf
No identificado,Andrés Bello,Recursos Didácticos de 5° a 8° básico,11,Andrés_Bello PME.pdf
No identificado,Andrés Bello,Recursos Didácticos de Pre kínder a 4° básico,11,Andrés_Bello PME.pdf
No identificado,Andrés Bello,Acompañamiento al Aula,5,Andrés_Bello PME.pdf
No identificado,Andrés Bello,"Actividades educativas , culturales y de integración de la comunidad educativa.",21,Andrés_Bello PME.pdf
No identificado,Andrés Bello,Reunión de análisis de resultados de aprendizaje y seguimiento de estudiantes con NEE,14,Andrés_Bello PME.pdf
No identificado,Andrés Bello,Mi primera lectura,15,Andrés_Bello PME.pdf
No identificado,Andrés Bello,Vinculación institucional educación -infancia,16,Andrés_Bello PME.pdf
No identificado,Andrés Bello,Actualización de planes de gestión educativa,16,Andrés_Bello PME.pdf
No identificado,Andrés Bello,Reconocimiento a Estudiantes,18,Andrés_Bello PME.pdf
No identificado,Andrés Bello,Plan comunal de fomento a la asistencia 2025.,19,Andrés_Bello PME.pdf
No identificado,Andrés Bello,redes comunales comudef 2025. Fortalecimiendo la acción pegadagógica a traves de la Colaboración,20,Andrés_Bello PME.pdf
No identificado,Andrés Bello,Estrategía de transición educativa,13,Andrés_Bello PME.pdf
No identificado,Bellavista,Recreos Activos y Seguros: Construyendo Convivencia Positiva,22,Bellavista PME.pdf
No identificado,Bellavista,SOCIOEDUCACIÓN PERMANENTE,21,Bellavista PME.pdf
No identificado,Bellavista,Orientaciones para Promover el Bienestar y el Resguardo de la Salud Mental en las Comunidades Educat,18,Bellavista PME.pdf
No identificado,Bellavista,INCENTIVO A LA ASISTENCIA,19,Bellavista PME.pdf
No identificado,Bellavista,CULTURA DE ALTAS EXPECTATIVAS,19,Bellavista PME.pdf
No identificado,Bellavista,"Jornada Extramuro: Convivir, Liderar y Proyectar.",23,Bellavista PME.pdf
No identificado,Bellavista,DELEGADOS DE CONVIVENCIA ESCOLAR,20,Bellavista PME.pdf
No identificado,Bellavista,PARTICIPACIÓN DE LAS FAMILIAS EN EL PROCESO FORMATIVO,23,Bellavista PME.pdf
No identificado,Bellavista,Medallas y Galvanos.,28,Bellavista PME.pdf
No identificado,Bellavista,Servicio de Multicopiado,26,Bellavista PME.pdf
No identificado,Bellavista,Insumos de Oficina y Librería.,26,Bellavista PME.pdf
No identificado,Bellavista,Artículos Deportivos y Recreativos,27,Bellavista PME.pdf
No identificado,Bellavista,Transporte para Salidas Pedagógicas.,29,Bellavista PME.pdf
No identificado,Bellavista,Artículos Escolares Específicos.,30,Bellavista PME.pdf
No identificado,Bellavista,PROFESIONALES DE APOYO,31,Bellavista PME.pdf
No identificado,Bellavista,Personal idóneo para la atención integral y la cobertura curricular.,31,Bellavista PME.pdf
No identificado,Bellavista,Servicios Tecnológicos.,25,Bellavista PME.pdf
No identificado,Bellavista,Plan de Trabajo: Área de Sostenibilidad y Cuidado del Medio Ambiente.,17,Bellavista PME.pdf
No identificado,Bellavista,Fomentando la vida en la sociedad,24,Bellavista PME.pdf
No identificado,Bellavista,Socialización de roles y perfiles,16,Bellavista PME.pdf
No identificado,Bellavista,ACTIVIDADES COMUNALES DE FORMACIÓN INTEGRAL,17,Bellavista PME.pdf
No identificado,Bellavista,APLICACIÓN DE INSTRUMENTOS DE EVALUACIÓN (DIA),3,Bellavista PME.pdf
No identificado,Bellavista,Lineamientos pedagógicos,4,Bellavista PME.pdf
No identificado,Bellavista,SALiDAS PEDAGÓGICAS,5,Bellavista PME.pdf
No identificado,Bellavista,Vinculación Institucional Educación e Infancia.,6,Bellavista PME.pdf
No identificado,Bellavista,ACOMPAÑAMIENTO Y RETROALIMENTACIÓN,7,Bellavista PME.pdf
No identificado,Bellavista,Equipamiento activo para electivos de Ed.Física y Salud,8,Bellavista PME.pdf
No identificado,Bellavista,Proyectores Visuales para Mejorar la Enseñanza en el Aula,9,Bellavista PME.pdf
No identificado,Bellavista,"Creando, sonando y transformando talento.",10,Bellavista PME.pdf
No identificado,Bellavista,Plan lector,6,Bellavista PME.pdf
No identificado,Bellavista,Redes comunales COMUDEF 2025. Fortaleciendo la,11,Bellavista PME.pdf
No identificado,Bellavista,Pedagógica a través de la Colaboración.,11,Bellavista PME.pdf
No identificado,Bellavista,Plan Comunal de Fomento a la Asistencia 2025.,11,Bellavista PME.pdf
No identificado,Bellavista,PLANES ESTRATEGICOS,12,Bellavista PME.pdf
No identificado,Bellavista,Revisión y socialización del RICE,13,Bellavista PME.pdf
No identificado,Bellavista,Ceremonias de licenciaturas de 8vos y IVº medios,14,Bellavista PME.pdf
No identificado,Bellavista,Practicas insttucionales,14,Bellavista PME.pdf
No identificado,Bellavista,Salud mental y clima laboral positivo,15,Bellavista PME.pdf
No identificado,Benjamín Vicuña,Profesionales de Apoyo,30,Benjamín_Vicuña PME.pdf
No identificado,Benjamín Vicuña,Servicios Tecnológicos.,29,Benjamín_Vicuña PME.pdf
No identificado,Benjamín Vicuña,El PIE sensibiliza a la comunidad sobre las NEE,28,Benjamín_Vicuña PME.pdf
No identificado,Benjamín Vicuña,Detección oportuna de dificultades socioafectivas de los miembros de la comunidad educativa,27,Benjamín_Vicuña PME.pdf
No identificado,Benjamín Vicuña,Desarrollo y seguimiento de iniciativas para habilidades socioemocionales y prevención de la violenc,24,Benjamín_Vicuña PME.pdf
No identificado,Benjamín Vicuña,Articulación Educación-Salud,25,Benjamín_Vicuña PME.pdf
No identificado,Benjamín Vicuña,Implementación de espacios y actividades de participación democrática,23,Benjamín_Vicuña PME.pdf
No identificado,Benjamín Vicuña,Servicio de Multicopiado.,31,Benjamín_Vicuña PME.pdf
No identificado,Benjamín Vicuña,Actividades de Liderazgo estudiantil,26,Benjamín_Vicuña PME.pdf
No identificado,Benjamín Vicuña,Insumos de Oficina y Librería.,32,Benjamín_Vicuña PME.pdf
No identificado,Benjamín Vicuña,CReación de un sistema de evaluación y retroalimentación del personal,41,Benjamín_Vicuña PME.pdf
No identificado,Benjamín Vicuña,Medallas y Galvanos.,34,Benjamín_Vicuña PME.pdf
No identificado,Benjamín Vicuña,Transporte para Salidas Pedagógicas.,35,Benjamín_Vicuña PME.pdf
No identificado,Benjamín Vicuña,Artículos Escolares Específicos.,36,Benjamín_Vicuña PME.pdf
No identificado,Benjamín Vicuña,El equipo directivo implementa medidas sistemáticas para mantener la matrícula y completar las vaca,37,Benjamín_Vicuña PME.pdf
No identificado,Benjamín Vicuña,El equipo directivo promueve sistemáticamente la asistencia de los estudiantes mediante estrategias,38,Benjamín_Vicuña PME.pdf
No identificado,Benjamín Vicuña,Creación laboratorio enlaces-Idiomas,40,Benjamín_Vicuña PME.pdf
No identificado,Benjamín Vicuña,"Talleres y capacitaciones para docentes, funcionarios, estudiantes y apoderados en pos de la convive",22,Benjamín_Vicuña PME.pdf
No identificado,Benjamín Vicuña,El CRA apoya el aprendizaje de los estudiantes y fomenta el hábito lector,41,Benjamín_Vicuña PME.pdf
No identificado,Benjamín Vicuña,Implementación insumos tecnológicos salas de clases,42,Benjamín_Vicuña PME.pdf
No identificado,Benjamín Vicuña,Artículos Deportivos y Recreativos.,33,Benjamín_Vicuña PME.pdf
No identificado,Benjamín Vicuña,Plan de Trabajo: Área de Sostenibilidad y Cuidado del Medio Ambiente.,21,Benjamín_Vicuña PME.pdf
No identificado,Benjamín Vicuña,El PIE cuenta con los recursos de aprendizaje necesarios para su óptimo funcionamiento,39,Benjamín_Vicuña PME.pdf
No identificado,Benjamín Vicuña,Actividades Comunales de Formación Integral.,19,Benjamín_Vicuña PME.pdf
No identificado,Benjamín Vicuña,Orientaciones para Promover el Bienestar y el Resguardo de la Salud Mental en las Comunidades Educat,20,Benjamín_Vicuña PME.pdf
No identificado,Benjamín Vicuña,Realizar capacitaciones a docentes según encuesta de intereses,3,Benjamín_Vicuña PME.pdf
No identificado,Benjamín Vicuña,Acompañamiento y retroalimentación docente,4,Benjamín_Vicuña PME.pdf
No identificado,Benjamín Vicuña,Implementar plan de trabajo por coordinaciones de departamento entre profesores de asignatura.,5,Benjamín_Vicuña PME.pdf
No identificado,Benjamín Vicuña,"Implementación de reuniones técnicas de planificación, adecuación y revisión de material didáctico p",6,Benjamín_Vicuña PME.pdf
No identificado,Benjamín Vicuña,Aplicación de Instrumentos de evaluación (DIA),7,Benjamín_Vicuña PME.pdf
No identificado,Benjamín Vicuña,Implementación del Plan de Orientación como eje articulador para el desarrollo profesional docente,8,Benjamín_Vicuña PME.pdf
No identificado,Benjamín Vicuña,Sala de trabajo CoWork CRA,9,Benjamín_Vicuña PME.pdf
No identificado,Benjamín Vicuña,Monitoreo de los planes de acompañamiento pedagógico,10,Benjamín_Vicuña PME.pdf
No identificado,Benjamín Vicuña,Uso efectivo del tiempo de clases,10,Benjamín_Vicuña PME.pdf
No identificado,Benjamín Vicuña,Trabajo colaborativo docentes y docentes PIE,6,Benjamín_Vicuña PME.pdf
No identificado,Benjamín Vicuña,Redes comunales COMUDEF 2025. Fortaleciendo la,12,Benjamín_Vicuña PME.pdf
No identificado,Benjamín Vicuña,Pedagógica a través de la Colaboración.,12,Benjamín_Vicuña PME.pdf
No identificado,Benjamín Vicuña,Plan Comunal de Fomento a la Asistencia 2025.,13,Benjamín_Vicuña PME.pdf
No identificado,Benjamín Vicuña,Ejecución del Plan Anual de Convivencia Escolar,14,Benjamín_Vicuña PME.pdf
No identificado,Benjamín Vicuña,Monitoreo y seguimiento procesos integral PIE,15,Benjamín_Vicuña PME.pdf
No identificado,Benjamín Vicuña,La dirección como agente de liderazgo pedagógico,18,Benjamín_Vicuña PME.pdf
No identificado,Benjamín Vicuña,El equipo directivo promueve la mejora de los aprendizajes de los estudiantes mediante estrategias,16,Benjamín_Vicuña PME.pdf
No identificado,Benjamín Vicuña,Reactivando la asistencia a clases.,17,Benjamín_Vicuña PME.pdf
No identificado,Benjamín Vicuña,Actualización de Planes de Gestión educativa,18,Benjamín_Vicuña PME.pdf
No identificado,Benjamín Vicuña,Sistema de apoyo coordinado a los estudiantes,11,Benjamín_Vicuña PME.pdf
No identificado,CAS,Actividades Comunales de Formación Integral.,11,CAS PME.pdf
No identificado,CAS,Desarrolla definición de roles y funciones del equipo PIE,10,CAS PME.pdf
No identificado,CAS,Plan Comunal de Fomento a la Asistencia 2025.,9,CAS PME.pdf
No identificado,CAS,Pedagógica a través de la Colaboración.,9,CAS PME.pdf
No identificado,CAS,Redes comunales COMUDEF 2025. Fortaleciendo la,9,CAS PME.pdf
No identificado,CAS,Sistema de alternancia Técnico Profesional,5,CAS PME.pdf
No identificado,CAS,Mentoría internas a docentes nuevos en el establecimiento,7,CAS PME.pdf
No identificado,CAS,Monitoreo de los planes de acompañamiento pedagógico,6,CAS PME.pdf
No identificado,CAS,Compartiendo buenas prácticas de Co-enseñanza,6,CAS PME.pdf
No identificado,CAS,Plan Lector,4,CAS PME.pdf
No identificado,CAS,Vinculación Institucional Educación e Infancia.,3,CAS PME.pdf
No identificado,CAS,Plan de Trabajo: Área de Sostenibilidad y Cuidado del Medio Ambiente.,13,CAS PME.pdf
No identificado,CAS,Fiesta de la familia Samorina,8,CAS PME.pdf
No identificado,CAS,Escuela Abierta TP,14,CAS PME.pdf
No identificado,CAS,Orientaciones para Promover el Bienestar y el Resguardo de la Salud Mental en las Comunidades Educat,12,CAS PME.pdf
No identificado,CAS,Música para convivir saludablemente,15,CAS PME.pdf
No identificado,CAS,Talleres socioafectivos para estudiantes,14,CAS PME.pdf
No identificado,CAS,Disposición de material y útiles para el Programa de integración escolar,25,CAS PME.pdf
No identificado,CAS,Artículos Escolares Específicos.,24,CAS PME.pdf
No identificado,CAS,Transporte para Salidas Pedagógicas.,23,CAS PME.pdf
No identificado,CAS,Medallas y Galvanos.,22,CAS PME.pdf
No identificado,CAS,Artículos Deportivos y Recreativos.,21,CAS PME.pdf
No identificado,CAS,Recursos para la educación ambiental,26,CAS PME.pdf
No identificado,CAS,Adquisición de Recursos Fungibles para la Educación Media Técnico Profesional.,20,CAS PME.pdf
No identificado,CAS,Servicio de Multicopiado.,19,CAS PME.pdf
No identificado,CAS,Profesionales de Apoyo,18,CAS PME.pdf
No identificado,CAS,Servicios Tecnológicos.,17,CAS PME.pdf
No identificado,CAS,Respuesta a la diversidad y a las NEE de los estudiantes,16,CAS PME.pdf
No identificado,CAS,Insumos de Oficina y Librería.,20,CAS PME.pdf
No identificado,Capitán Pastene,***Servicios Tecnológicos.,60,Capitán_Pastene PME.pdf
No identificado,Capitán Pastene,"16.-""Respuesta a la diversidad y a las NEE de los estudiantes, a través de capacitación y autocapa",59,Capitán_Pastene PME.pdf
No identificado,Capitán Pastene,"13.- ""Rincones de bienestar "" Espacios para el D° de habilidades personales y colectivas en recreo""",59,Capitán_Pastene PME.pdf
No identificado,Capitán Pastene,"10.- ""Fortaleciendo jóvenes liderazgos para el futuro""",58,Capitán_Pastene PME.pdf
No identificado,Capitán Pastene,"11.- ""Taller de habilidades sociales “Explorando nuestras habilidades sociales para con-vivir” """,56,Capitán_Pastene PME.pdf
No identificado,Capitán Pastene,"PIE.- Estudiantes de 7mo y 8vo básico asisten a un sitio de interés como salida pedagógica de manera grupal, el cual favorezca su interacción social, conductual, hábitos y rutinas, además, habilidades sociales, utilizando técnicas propias de la T.O, elementos de integración sensorial, psicomotricidad y PS para abordar diversas temáticas de interacción social entre en un espacio seguro. Fecha Inicio 01/3/2025 Fecha Termino 30/11/2025 Programa Asociado SEP Responsable Coordinadora PIE / T.O Recursos Necesarios Ejecución Recurso humano Insumos de oficina. Alimentación saludable jugos, galleta, aguas, otras. Ate No Tic No Plan(es)Plan de Gestión de la Convivencia Escolar- Plan de Apoyo a la Inclusión- Plan de Sexualidad, Afectividad y Género- Medios de Verificación-Boletas y/o factura y/o orden de compra- -Fotografías de Salida pedagógica- -Registro Pie- -Planificación de taller de habilidades sociales- Monto Subvención General $0 Monto SEP $150.000 Monto PIE $0",56,Capitán_Pastene PME.pdf
No identificado,Capitán Pastene,16.- Pizarras comunicativas ¿Qué sucede hoy?,55,Capitán_Pastene PME.pdf
No identificado,Capitán Pastene,15.- Jornada convivencia educativa ¿cómo impactan nuestras prácticas en los IDPS?,54,Capitán_Pastene PME.pdf
No identificado,Capitán Pastene,14.- CRA como espacio que fomenta el clima de centro y la participación estudiantil,53,Capitán_Pastene PME.pdf
No identificado,Capitán Pastene,***Profesionales de Apoyo,61,Capitán_Pastene PME.pdf
No identificado,Capitán Pastene,09.-Más allá del juego: desarrollando habilidades a través del juego,57,Capitán_Pastene PME.pdf
No identificado,Capitán Pastene,***Servicio de Multicopiado.,62,Capitán_Pastene PME.pdf
No identificado,Capitán Pastene,"2.-""Aprendizaje interactivo"" Proyectores para salas de clases""",69,Capitán_Pastene PME.pdf
No identificado,Capitán Pastene,***Artículos Deportivos y Recreativos.,64,Capitán_Pastene PME.pdf
No identificado,Capitán Pastene,***Medallas y Galvanos.,65,Capitán_Pastene PME.pdf
No identificado,Capitán Pastene,***Transporte para Salidas Pedagógicas.,66,Capitán_Pastene PME.pdf
No identificado,Capitán Pastene,***Artículos Escolares Específicos.,67,Capitán_Pastene PME.pdf
No identificado,Capitán Pastene,"1.- ""Enfermería a tu servicio"" Tu espacio de protección y cura """,68,Capitán_Pastene PME.pdf
No identificado,Capitán Pastene,"3.- ""Toldos al Resguardo de la comunidad """,70,Capitán_Pastene PME.pdf
No identificado,Capitán Pastene,4.-Producción de eventos que fortalezcan el sentido de pertenencia,71,Capitán_Pastene PME.pdf
No identificado,Capitán Pastene,5.-Apoyo en eventos que fortalezcan el sentido de pertenencia,72,Capitán_Pastene PME.pdf
No identificado,Capitán Pastene,6.- Gestión de audio de eventos que fortalezcan el sentido de pertenencia,73,Capitán_Pastene PME.pdf
No identificado,Capitán Pastene,7.- Disposición de material de oficina e instrumentos de evaluación EVALÚA para el Programa de integ,73,Capitán_Pastene PME.pdf
No identificado,Capitán Pastene,PIE.- Los equipos de Integración dispondrán de material y útiles fungibles para las diversas actividades que desarrollan diariamente velando por el buen desarrollo y organización del programa. Fecha Inicio 01/3/2025,73,Capitán_Pastene PME.pdf
No identificado,Capitán Pastene,12.- Nos apropiamos de nuestra escuela: Luches y murales pedagógicos.,52,Capitán_Pastene PME.pdf
No identificado,Capitán Pastene,***Insumos de Oficina y Librería.,63,Capitán_Pastene PME.pdf
No identificado,Capitán Pastene,08.-Cápsula del tiempo: actividad de pertenencia,51,Capitán_Pastene PME.pdf
No identificado,Capitán Pastene,"25.- ""Multisensorialidad en salas PIE Rincones multisensoriales para estudiantes con N.E.E""",29,Capitán_Pastene PME.pdf
No identificado,Capitán Pastene,06.-Fortaleciendo Sentido de Pertenencia,50,Capitán_Pastene PME.pdf
No identificado,Capitán Pastene,"23.- ""“Refugio de artistas” Equipamiento pedagógico para la sala de artes.""",27,Capitán_Pastene PME.pdf
No identificado,Capitán Pastene,"22.-""“Notas rebeldes” Fortaleciendo la sala temática de música.""",26,Capitán_Pastene PME.pdf
No identificado,Capitán Pastene,21.-Experiencias teatrales formativas en la asignatura de Religión Católica y Evangélica.,25,Capitán_Pastene PME.pdf
No identificado,Capitán Pastene,20.- “Más allá del juego” potenciando juegos predeportivos en educación básica.,24,Capitán_Pastene PME.pdf
No identificado,Capitán Pastene,19.- Desarrollando la psicomotricidad y actividad física en educación parvularia.,23,Capitán_Pastene PME.pdf
No identificado,Capitán Pastene,"18.-“Escucha, aprende y habla en Inglés”.",22,Capitán_Pastene PME.pdf
No identificado,Capitán Pastene,17.-Fortalecer la asignatura de inglés adquiriendo literatura complementaria.,22,Capitán_Pastene PME.pdf
No identificado,Capitán Pastene,15.- “Sembrando vida” aprendiendo a través de las plantas” Implementación de zona de huerto,20,Capitán_Pastene PME.pdf
No identificado,Capitán Pastene,"14.-Desarrollo de habilidades en ciencias naturales, mediante la experim.en laboratorio de ciencias",19,Capitán_Pastene PME.pdf
No identificado,Capitán Pastene,"13.- ""“Matemática entretenida” Fortalecimiento la implementación curricular""",18,Capitán_Pastene PME.pdf
No identificado,Capitán Pastene,12.- Desarrollo de habilidades y pensamiento matemático.,17,Capitán_Pastene PME.pdf
No identificado,Capitán Pastene,"11.- ""Mangas y Cómics"". Nuestras/os estudiantes eligen los títulos que leerán",16,Capitán_Pastene PME.pdf
No identificado,Capitán Pastene,10.- Cuadernillos para fortalecer habilidades de comprensión. lectora.,15,Capitán_Pastene PME.pdf
No identificado,Capitán Pastene,"09.- “Descubriendo las letras” Material pedagógico de educación parvularia, potenciando la escritur",14,Capitán_Pastene PME.pdf
No identificado,Capitán Pastene,08.- Jornada reflexión oportunidades curriculares que fortalacen el clima de convivencia educativa,13,Capitán_Pastene PME.pdf
No identificado,Capitán Pastene,07.- Implementación de Estrategias de transición educativa (ETE),12,Capitán_Pastene PME.pdf
No identificado,Capitán Pastene,"06.- Prácticas educativas, innovadoras y atractivas en diversas instancias pedagógicas.",11,Capitán_Pastene PME.pdf
No identificado,Capitán Pastene,05.- Jornadas de análisis con la comunidad docente y acuerdos pedagógicos para la mejora.,10,Capitán_Pastene PME.pdf
No identificado,Capitán Pastene,04.- Monitoreo del aprendizaje a través de evaluaciones DIA en sus tres etapas.,9,Capitán_Pastene PME.pdf
No identificado,Capitán Pastene,03.-Sistema de monitoreo de los aprendizajes y prácticas pedagógicas.,9,Capitán_Pastene PME.pdf
No identificado,Capitán Pastene,02.- Acompañamiento Docente como herramienta para la reflexión pedagógica.,8,Capitán_Pastene PME.pdf
No identificado,Capitán Pastene,01.-Cumplimiento al Plan de Desarrollo Profesional Docente.,6,Capitán_Pastene PME.pdf
No identificado,Capitán Pastene,***Plan Lector,6,Capitán_Pastene PME.pdf
No identificado,Capitán Pastene,***Vinculación Institucional Educación e Infancia.,5,Capitán_Pastene PME.pdf
No identificado,Capitán Pastene,07.-Monitoreo del aprendizaje socioemocional y prácticas de convivencia escolar a través del DIA.,51,Capitán_Pastene PME.pdf
No identificado,Capitán Pastene,24.- “Mi escuela un lugar donde todas y todos participamos”,28,Capitán_Pastene PME.pdf
No identificado,Capitán Pastene,"PIE.- A través de la co creación con la comunidad educativa de los planes de acompañamiento emocional conductual (PAEC) se facilita la participación de estudiantes neuro divergentes en instancias académicas y extracurriculares a través de la implementación de diversas estrategias de acceso, pedagógicas y de acompañamiento que permitan la participación activa de todos y cada uno de ellos. Fecha Inicio 01/3/2025 Fecha Termino 30/11/2025 Programa Asociado SEP Responsable Coordinadora PIE Recursos Necesarios Ejecución -Audífonos con cancelación de ruido (2 por sala de clases) Ate No Tic Sala de clases Plan(es) Plan de Apoyo a la Inclusión- Medios de Verificación- Listado de estudiantes neuro divergentes que requieren audífonos- -PAEC de cada estudiante- -Jornada de Capacitación y elaboración PAEC Asistencia- -PPT y evaluación del Taller- -Fotografía de estudiantes con audífonos en uso.- -Factura y/o Boleta y/o Orden de compra- Monto Subvención General $0 Monto SEP $300.000 Monto PIE $0 Monto EIB $0 Monto Mantenimiento $0 Monto Pro retención $0 Monto Internado $0 Monto Reforzamiento $0 Monto FAEP $0 Monto Aporte Municipal $0 Monto Total $300.000 Dimension Gestión Pedagógica",28,Capitán_Pastene PME.pdf
No identificado,Capitán Pastene,"16.- Conocimiento de nuestro planeta, a través de los mapas.",21,Capitán_Pastene PME.pdf
No identificado,Capitán Pastene,"PIE.- Instalar rincones multisensoriales en aulas del Programa de Integración Escolar, facilitando una percepción del mundo a través de estímulos controlados, promoviendo la interacción con el entorno y el aprendizaje por descubrimiento, crear ambientes estimulantes y seguros que favorecen la integración sensorial. Fecha Inicio 01/3/2025 Fecha Termino 30/11/2025 Programa Asociado SEP Responsable Coordinadora PIE Recursos Necesarios Ejecución Pelotas de piscinas Cojines Mantas Objetos de manipulación sensorial. Ate No Tic No Plan(es)Plan de Gestión de la Convivencia Escolar- Plan de Apoyo a la Inclusión- Medios de Verificación- Acta de planificación e implementación de rincones multisensoriales en sala del PIE.- - Registro fotográfico de estudiantes utilizándolos.- - Factura y/o Boleta y/o Orden de compra- Monto Subvención General $0 Monto SEP $400.000 Monto PIE $0 Monto EIB $0 Monto Mantenimiento $0 Monto Pro retención $0 Monto Internado $0 Monto Reforzamiento $0 Monto FAEP $0 Monto Aporte Municipal $0 Monto Total $400.000 Dimension Gestión Pedagógica Objetivo EstratégicoFortalecer la calidad educativa a través de la implementación de estrategias innovadoras de enseñanza y evaluación, coordinando, planificando y monitoreando el proceso , a fin de asegurar la cobertura curricular y aumentar la efectividad de la labor educativa, mediante el análisis y la mejora de los procesos pedagógicos, especialmente del manejo de la clase, de las estrategias efectivas de enseñanza-aprendizaje y de la evaluación como elementos clave. EstrategiaAcompañamiento y monitoreo de la implementación curricular en las aulas. Enfatizando en la diversidad de los/as estudiantes, coordinando, planificando y monitoreando el proceso de enseñanza- aprendizaje para aumentar la efectividad en la labor educativa en la cobertura curricular, la retroalimentación, estrategias y secuencias didácticas. Movilizando niveles de logro de insuficiente a elemental, y de elemental a nivel de logro adecuado. Subdimensiones* Gestión Curricular * Enseñanza y aprendizaje en el aula",29,Capitán_Pastene PME.pdf
No identificado,Capitán Pastene,05.-Apoyo a la trayectoria Escolar,49,Capitán_Pastene PME.pdf
No identificado,Capitán Pastene,04.- Plan preventivo de deserción,48,Capitán_Pastene PME.pdf
No identificado,Capitán Pastene,03.- Plan Bienestar Funcionarias/os,48,Capitán_Pastene PME.pdf
No identificado,Capitán Pastene,02.- Educación Socio Emocional,47,Capitán_Pastene PME.pdf
No identificado,Capitán Pastene,***Plan de Trabajo: Área de Sostenibilidad y Cuidado del Medio Ambiente.,45,Capitán_Pastene PME.pdf
No identificado,Capitán Pastene,***Orientaciones para Promover el Bienestar y el Resguardo de la Salud Mental en las Comunidades E,44,Capitán_Pastene PME.pdf
No identificado,Capitán Pastene,***Actividades Comunales de Formación Integral.,43,Capitán_Pastene PME.pdf
No identificado,Capitán Pastene,"9.-""""""Fiesta Navideña"""" un espacio para generar pertenencia y reforzar valores""",42,Capitán_Pastene PME.pdf
No identificado,Capitán Pastene,"8.- ""CUPONES MÁGICOS"", promocionando y fortaleciendo la buena asistencia a clases",41,Capitán_Pastene PME.pdf
No identificado,Capitán Pastene,"7.- ""Promocionando la matrícula en niveles iniciales con redes de infancia y jardines infantiles""",40,Capitán_Pastene PME.pdf
No identificado,Capitán Pastene,"PIE.- El EG conducirá un proceso que concluya con la incorporación en la visión, misión y estrategias del PEI, el enfoque inclusivo de la educación, estableciendo un cronograma de trabajo participativos y colaborativos.Elaboración con la comunidad educativa y el apoyo de los profesionales del PIE, consideraNdo encuentros con personajes diversos y relevantes de la comunidad y el entorno. Fecha Inicio 01/3/2025 Fecha Termino 30/11/2025 Programa Asociado PIE Responsable Director Recursos Necesarios Ejecución - Recursos humanos - Insumos tecnológicos. - Drive equipo directivo. - Documentos",39,Capitán_Pastene PME.pdf
No identificado,Capitán Pastene,"6.- “Proyecto Educativo Institucional con enfoque inclusivo”. """,39,Capitán_Pastene PME.pdf
No identificado,Capitán Pastene,"5.- ""Planes de Gestión Educativa al servicio de la educación """,38,Capitán_Pastene PME.pdf
No identificado,Capitán Pastene,01.- Nuestra escuela como espacio de bienestar,46,Capitán_Pastene PME.pdf
No identificado,Capitán Pastene,3.- Plan Operativo Anual del Equipo Directivo sobre la base de los Estándares Indicativos de Desempe,37,Capitán_Pastene PME.pdf
No identificado,Capitán Pastene,"4.- ""Planilla de Indicadores de Eficiencia Interna EE. """,38,Capitán_Pastene PME.pdf
No identificado,Capitán Pastene,"PIE.- Semestralmente el E.Gorganiza jornadas o reuniones de intercambio de experiencias de buenas prácticas de co-enseñanza. Los equipos de aula se organizan, sistematizan sus experiencias, a la luz de identificar fortalezas y debilidades y evaluar el grado de articulación entre ellos, el enfoque de trabajo, y los resultados de aprendizaje obtenidos por estudiantes que presentan NEE. Fecha Inicio 01/3/2025 Fecha Termino 30/12/2025 Programa Asociado PIE Responsable Coordinadora PIE Recursos Necesarios Ejecución Recurso humano. Insumos de oficina Ate No Tic No Plan(es)Plan de Gestión de la Convivencia Escolar- Plan de Apoyo a la Inclusión- Medios de VerificaciónEvaluación de jornadas.- Firmar asistentes.- Acta de las jornadas.- Guías y/o materiales- PPT- Monto Subvención General $0 Monto SEP $0 Monto PIE $0 Monto EIB $0 Monto Mantenimiento $0 Monto Pro retención $0 Monto Internado $0 Monto Reforzamiento $0 Monto FAEP $0 Monto Aporte Municipal $0 Monto Total $0 Dimension Gestión Pedagógica Objetivo EstratégicoFortalecer la calidad educativa a través de la implementación de estrategias innovadoras de enseñanza y evaluación, coordinando, planificando y monitoreando el proceso , a fin de asegurar la cobertura curricular y aumentar la efectividad de la labor educativa, mediante el análisis y la mejora de los procesos pedagógicos, especialmente del manejo de la clase, de las estrategias efectivas de enseñanza-aprendizaje y de la evaluación como elementos clave. EstrategiaAcompañamiento y monitoreo de la implementación curricular en las aulas. Enfatizando en la diversidad de los/as estudiantes, coordinando, planificando y monitoreando el proceso de enseñanza- aprendizaje para aumentar la efectividad en la labor educativa en la cobertura curricular, la retroalimentación, estrategias y secuencias didácticas. Movilizando niveles de logro de insuficiente a elemental, y de elemental a nivel de logro adecuado. Subdimensiones* Gestión Curricular * Enseñanza y aprendizaje en el aula * Apoyo al desarrollo de los estudiantes",30,Capitán_Pastene PME.pdf
No identificado,Capitán Pastene,"28.- ""Explorando mi entorno a través de Salidas pedagógicas""",31,Capitán_Pastene PME.pdf
No identificado,Capitán Pastene,26.- “Compartiendo buenas prácticas de Co-enseñanza”,30,Capitán_Pastene PME.pdf
No identificado,Capitán Pastene,"29.- ""Nueva era digital"" Sala de ENLACE""",32,Capitán_Pastene PME.pdf
No identificado,Capitán Pastene,"27.- Ceremonia ""Mi primera lectura""",30,Capitán_Pastene PME.pdf
No identificado,Capitán Pastene,Pedagógica a través de la Colaboración.,33,Capitán_Pastene PME.pdf
No identificado,Capitán Pastene,***Plan Comunal de Fomento a la Asistencia 2025.,34,Capitán_Pastene PME.pdf
No identificado,Capitán Pastene,"1.- ""Comunicación con la comunidad vía redes sociales y página web """,35,Capitán_Pastene PME.pdf
No identificado,Capitán Pastene,"2.- ""Comunicación efectiva con el equipo de Gestión/ Directivo/ Funcionarios/as """,36,Capitán_Pastene PME.pdf
No identificado,Capitán Pastene,***Redes comunales COMUDEF 2025. Fortaleciendo la,33,Capitán_Pastene PME.pdf
No identificado,Indira Gandhi,Orientaciones para Promover el Bienestar y el Resguardo de la Salud Mental en las,23,Indira_Gandhi PME.pdf
No identificado,Indira Gandhi,Servicios Tecnológicos.,31,Indira_Gandhi PME.pdf
No identificado,Indira Gandhi,“Apoderados y estudiantes informados de los resultados de la Evaluación diagnóstica de ingreso a PIE,25,Indira_Gandhi PME.pdf
No identificado,Indira Gandhi,"""Encuentro familia y Liceo""Muestras pedagógicas",26,Indira_Gandhi PME.pdf
No identificado,Indira Gandhi,“Feria de los Protocolos: Convivencia Informada”,27,Indira_Gandhi PME.pdf
No identificado,Indira Gandhi,“Actualiza y Accede: Apoyo para el Registro Social de Hogares”,28,Indira_Gandhi PME.pdf
No identificado,Indira Gandhi,“Recreos en Armonía: Juegos para fortalecer la Convivencia”,29,Indira_Gandhi PME.pdf
No identificado,Indira Gandhi,“Espacio de Bienestar: Sala Socioemocional para el Acompañamiento Estudiantil”,30,Indira_Gandhi PME.pdf
No identificado,Indira Gandhi,Profesionales de Apoyo,32,Indira_Gandhi PME.pdf
No identificado,Indira Gandhi,Artículos Escolares Específicos.,38,Indira_Gandhi PME.pdf
No identificado,Indira Gandhi,Insumos de Oficina y Librería.,34,Indira_Gandhi PME.pdf
No identificado,Indira Gandhi,Medallas y Galvanos.,36,Indira_Gandhi PME.pdf
No identificado,Indira Gandhi,Transporte para Salidas Pedagógicas.,37,Indira_Gandhi PME.pdf
No identificado,Indira Gandhi,Artículos Deportivos y Recreativos.,39,Indira_Gandhi PME.pdf
No identificado,Indira Gandhi,“Disposición de material de oficina e instrumentos de evaluación EVALUA para el Programa,40,Indira_Gandhi PME.pdf
No identificado,Indira Gandhi,"“Evaluar para Aprender: Autocapacitación Docente""",41,Indira_Gandhi PME.pdf
No identificado,Indira Gandhi,“Capacitados para Gestionar: Uso Efectivo de NAPSIS y Libro Digital”,42,Indira_Gandhi PME.pdf
No identificado,Indira Gandhi,“Exploradores del Saber: Ciencias para Comprender el Mundo”,43,Indira_Gandhi PME.pdf
No identificado,Indira Gandhi,Actividades Comunales de Formación Integral.,22,Indira_Gandhi PME.pdf
No identificado,Indira Gandhi,Servicio de Multicopiado.,34,Indira_Gandhi PME.pdf
No identificado,Indira Gandhi,“Actualización de planes de gestión para la Mejora”,21,Indira_Gandhi PME.pdf
No identificado,Indira Gandhi,Plan de Trabajo: Área de Sostenibilidad y Cuidado del Medio Ambiente.,24,Indira_Gandhi PME.pdf
No identificado,Indira Gandhi,Reglamento de Evaluación y Promoción responde a las necesidades educativas de todos los estudiantes,19,Indira_Gandhi PME.pdf
No identificado,Indira Gandhi,“Lectura de Resultados para la Mejora Escolar”,20,Indira_Gandhi PME.pdf
No identificado,Indira Gandhi,Vinculación Institucional Educación e Infancia.,4,Indira_Gandhi PME.pdf
No identificado,Indira Gandhi,Plan Lector,5,Indira_Gandhi PME.pdf
No identificado,Indira Gandhi,Monitoreo de los planes de acompañamiento pedagógico,6,Indira_Gandhi PME.pdf
No identificado,Indira Gandhi,Estrategias de transición educativa (ETE),7,Indira_Gandhi PME.pdf
No identificado,Indira Gandhi,Aplicación y análisis de resultados de evaluación (DIA),8,Indira_Gandhi PME.pdf
No identificado,Indira Gandhi,Conformación de equipos de aula,9,Indira_Gandhi PME.pdf
No identificado,Indira Gandhi,“Aprender Jugando: Material Lúdico para la Primera Infancia”,10,Indira_Gandhi PME.pdf
No identificado,Indira Gandhi,“Retroalimentación pedagógica mediante acompañamiento al aula”,11,Indira_Gandhi PME.pdf
No identificado,Indira Gandhi,Cultura colaborativa entre pares,5,Indira_Gandhi PME.pdf
No identificado,Indira Gandhi,Comunidades de aprendizaje,12,Indira_Gandhi PME.pdf
No identificado,Indira Gandhi,“ExplorArte: Expresiones que Inspiran”,13,Indira_Gandhi PME.pdf
No identificado,Indira Gandhi,“Matemáticas Creativas y Concretas”,14,Indira_Gandhi PME.pdf
No identificado,Indira Gandhi,“Colecciones que Inspiran: Fomentando el Gusto por la Lectura”,15,Indira_Gandhi PME.pdf
No identificado,Indira Gandhi,“¡A Escribir y Leer Jugando!”,16,Indira_Gandhi PME.pdf
No identificado,Indira Gandhi,“Asistir es Aprender” Plan Comunal de Fomento a la Asistencia 2025.,17,Indira_Gandhi PME.pdf
No identificado,Indira Gandhi,Redes comunales COMUDEF 2025. Fortaleciendo la,18,Indira_Gandhi PME.pdf
No identificado,Indira Gandhi,Pedagógica a través de la Colaboración.,18,Indira_Gandhi PME.pdf
No identificado,Indira Gandhi,“Desarrolla definición de roles y funciones del equipo PIE”,19,Indira_Gandhi PME.pdf
No identificado,Indira Gandhi,Monitoreo al aula y retroalimentación de estrategias de co-enseñanza.,11,Indira_Gandhi PME.pdf
No identificado,LPM,Talleres de desarrollo socioemocional,18,LPM PME.pdf
No identificado,LPM,Actividades Comunales de Formación Integral.,19,LPM PME.pdf
No identificado,LPM,Orientaciones para Promover el Bienestar y el Resguardo de la Salud Mental en las Comunidades Educat,20,LPM PME.pdf
No identificado,LPM,Plan de Trabajo: Área de Sostenibilidad y Cuidado del Medio Ambien,20,LPM PME.pdf
No identificado,LPM,Reconocimiento a los estudiantes,21,LPM PME.pdf
No identificado,LPM,Profesionales de apoyo,22,LPM PME.pdf
No identificado,LPM,"Adquisición de Recursos Fungibles para la Educación Media Técnico Profesional. (Cardenal Samoré, Nue",25,LPM PME.pdf
No identificado,LPM,Servicios tecnológicos,23,LPM PME.pdf
No identificado,LPM,Servicio de multicopiado,24,LPM PME.pdf
No identificado,LPM,Transporte para salidas pedagógicas.,29,LPM PME.pdf
No identificado,LPM,Artículos escolares específicos,28,LPM PME.pdf
No identificado,LPM,Medallas y galvanos,27,LPM PME.pdf
No identificado,LPM,Eventos institucionales,17,LPM PME.pdf
No identificado,LPM,Capacitación docente,23,LPM PME.pdf
No identificado,LPM,Iniciativas estudiantiles,16,LPM PME.pdf
No identificado,LPM,Sistema de alternancia TP,8,LPM PME.pdf
No identificado,LPM,Pedagógica a través de la Colaboración,14,LPM PME.pdf
No identificado,LPM,Instancias de reflexión pedagógica,3,LPM PME.pdf
No identificado,LPM,Acompañamiento pedagógico docente y retroalimentación.,3,LPM PME.pdf
No identificado,LPM,Monitoreo de los planes de acompañamiento pedagógico,4,LPM PME.pdf
No identificado,LPM,Actividades de aprendizaje y de participación ciudadana,5,LPM PME.pdf
No identificado,LPM,Aplicación y seguimiento de instrumentos DIA,6,LPM PME.pdf
No identificado,LPM,SALIDAS PEDAGÓGICAS,7,LPM PME.pdf
No identificado,LPM,Plataforma educativa,15,LPM PME.pdf
No identificado,LPM,Artículos Deportivos y Recreativos,27,LPM PME.pdf
No identificado,LPM,Apoyo pedagógico,10,LPM PME.pdf
No identificado,LPM,Trabajo colaborativo entre docentes,10,LPM PME.pdf
No identificado,LPM,Intercambio de experiencias pedagógicas,11,LPM PME.pdf
No identificado,LPM,Plan Comunal de Fomento a la Asistencia 2025.,12,LPM PME.pdf
No identificado,LPM,Seguimiento y actualización de los planes de la gestión educativa,13,LPM PME.pdf
No identificado,LPM,Redes comunales COMUDEF 2025. Fortaleciendo la,14,LPM PME.pdf
No identificado,LPM,Escuela abierta,9,LPM PME.pdf
No identificado,LPM,Insumos de oficina y librería,26,LPM PME.pdf
No identificado,Las Araucarias,Servicio de Multicopiado.,23,Las_Araucarias PME.pdf
No identificado,Las Araucarias,Recursos al servicio de los aprendizajes de los estudiantes,30,Las_Araucarias PME.pdf
No identificado,Las Araucarias,Vinculación Institucional Educación e Infancia.,4,Las_Araucarias PME.pdf
No identificado,Las Araucarias,Plan Lector,4,Las_Araucarias PME.pdf
No identificado,Las Araucarias,Fortalecimientos Pedagógicos Integrales,5,Las_Araucarias PME.pdf
No identificado,Las Araucarias,Acompañamiento de Procesos de Adaptación Escolar (A.P.A.E.) con enfoque inclusivo,7,Las_Araucarias PME.pdf
No identificado,Las Araucarias,Apoyo Pedagógicos Focalizados,7,Las_Araucarias PME.pdf
No identificado,Las Araucarias,Redes comunales COMUDEF 2025. Fortaleciendo la,8,Las_Araucarias PME.pdf
No identificado,Las Araucarias,Pedagógica a través de la Colaboración.,8,Las_Araucarias PME.pdf
No identificado,Las Araucarias,Plan Comunal de Fomento a la Asistencia 2025.,9,Las_Araucarias PME.pdf
No identificado,Las Araucarias,Desarrollo profesional docente,10,Las_Araucarias PME.pdf
No identificado,Las Araucarias,Equipo de Comunicaciones,11,Las_Araucarias PME.pdf
No identificado,Las Araucarias,Definición de roles y funciones del equipo PIE,12,Las_Araucarias PME.pdf
No identificado,Las Araucarias,Disposición de material de oficina e instrumentos de evaluación EVALUA para el PIE,32,Las_Araucarias PME.pdf
No identificado,Las Araucarias,Actividades Comunales de Formación Integral.,13,Las_Araucarias PME.pdf
No identificado,Las Araucarias,Plan de Trabajo: Área de Sostenibilidad y Cuidado del Medio Ambiente.,15,Las_Araucarias PME.pdf
No identificado,Las Araucarias,Jornadas de utocuidado y manejo del estrés,16,Las_Araucarias PME.pdf
No identificado,Las Araucarias,Salidas Pedagógicas,17,Las_Araucarias PME.pdf
No identificado,Las Araucarias,Escuela saludable y preventiva,18,Las_Araucarias PME.pdf
No identificado,Las Araucarias,Actividades Institucionales con sello inclusivo,20,Las_Araucarias PME.pdf
No identificado,Las Araucarias,Servicios Tecnológicos.,21,Las_Araucarias PME.pdf
No identificado,Las Araucarias,Profesionales de Apoyo,22,Las_Araucarias PME.pdf
No identificado,Las Araucarias,Insumos de Oficina y Librería.,24,Las_Araucarias PME.pdf
No identificado,Las Araucarias,Artículos Deportivos y Recreativos.,25,Las_Araucarias PME.pdf
No identificado,Las Araucarias,Medallas y Galvanos.,27,Las_Araucarias PME.pdf
No identificado,Las Araucarias,Transporte para Salidas Pedagógicas.,28,Las_Araucarias PME.pdf
No identificado,Las Araucarias,Artículos Escolares Específicos.,29,Las_Araucarias PME.pdf
No identificado,Las Araucarias,Orientaciones para Promover el Bienestar y el Resguardo de la Salud Mental en las Comunidades Educat,14,Las_Araucarias PME.pdf
No identificado,Las Lilas,Disposición de material de oficina e instrumentos de evaluación EVALUA para el Programa de integraci,34,Las_Lilas PME.pdf
No identificado,Las Lilas,"- Ordenes de compras- facturas- Monto Subvención General $0 Monto SEP $1.200.000 Monto PIE $0 Monto EIB $0 Monto Mantenimiento $0 Monto Pro retención $0 Monto Internado $0 Monto Reforzamiento $0 Monto FAEP $0 Monto Aporte Municipal $0 Monto Total $1.200.000 Dimension Gestión de Recursos Objetivo EstratégicoImplementar estrategias que permitan la organización y el buen funcionamiento del establecimiento, optimizando y gestionando la entrega oportuna de los recursos económicos y humanos necesarios para mejorar las condiciones de enseñanza-aprendizajes de todos los estudiantes para dar continuidad a un servicio educativo de calidad. EstrategiaOptimizar la gestión y entrega oportuna de recursos económicos, didácticos y tecnológicos, en las diferentes áreas de gestión para el buen funcionamiento institucional y el desarrollo de los aprendizajes de todos los estudiantes. Subdimensiones* Gestión del personal * Gestión de los recursos educativos",34,Las_Lilas PME.pdf
No identificado,Las Lilas,Talleres formativos y socio emocionales en habilidades para la vida y la socializacion,21,Las_Lilas PME.pdf
No identificado,Las Lilas,"- Monto Subvención General $0 Monto SEP $1.869.558 Monto PIE $0 Monto EIB $0 Monto Mantenimiento $0 Monto Pro retención $0 Monto Internado $0 Monto Reforzamiento $0 Monto FAEP $0 Monto Aporte Municipal $0 Monto Total $1.869.558 Dimension Gestión de Recursos Objetivo EstratégicoImplementar estrategias que permitan la organización y el buen funcionamiento del establecimiento, optimizando y gestionando la entrega oportuna de los recursos económicos y humanos necesarios para mejorar las condiciones de enseñanza-aprendizajes de todos los estudiantes para dar continuidad a un servicio educativo de calidad. EstrategiaOptimizar la gestión y entrega oportuna de recursos económicos, didácticos y tecnológicos, en las diferentes áreas de gestión para el buen funcionamiento institucional y el desarrollo de los aprendizajes de todos los estudiantes. Subdimensiones * Gestión del personal",33,Las_Lilas PME.pdf
No identificado,Las Lilas,Medallas y Galvanos,31,Las_Lilas PME.pdf
No identificado,Las Lilas,Artículos Deportivos y Recreativos,30,Las_Lilas PME.pdf
No identificado,Las Lilas,Insumos de Oficina y Librería,29,Las_Lilas PME.pdf
No identificado,Las Lilas,Servicio de Multicopiado.,28,Las_Lilas PME.pdf
No identificado,Las Lilas,Profesionales de Apoyo,27,Las_Lilas PME.pdf
No identificado,Las Lilas,Servicios Tecnológicos,26,Las_Lilas PME.pdf
No identificado,Las Lilas,"“Respuesta a la diversidad y a las NEE de los estudiantes , a través de capacitación y autocapacitac",25,Las_Lilas PME.pdf
No identificado,Las Lilas,Plan de Trabajo: Área de Sostenibilidad y Cuidado del Medio Ambiente.,25,Las_Lilas PME.pdf
No identificado,Las Lilas,Orientaciones para Promover el Bienestar y el Resguardo de la Salud Mental en las Comunidades Educat,24,Las_Lilas PME.pdf
No identificado,Las Lilas,Actividades Comunales de Formación Integral.,23,Las_Lilas PME.pdf
No identificado,Las Lilas,Apoyo Psicosocial,22,Las_Lilas PME.pdf
No identificado,Las Lilas,Recreos formativos,20,Las_Lilas PME.pdf
No identificado,Las Lilas,Gestión de redes externas,19,Las_Lilas PME.pdf
No identificado,Las Lilas,Actualización y difusión del RICE,18,Las_Lilas PME.pdf
No identificado,Las Lilas,Transporte para Salidas Pedagógicas,32,Las_Lilas PME.pdf
No identificado,Las Lilas,“Conformación de Equipos de Aula”,18,Las_Lilas PME.pdf
No identificado,Las Lilas,Plan Comunal de Fomento a la Asistencia 2025.,16,Las_Lilas PME.pdf
No identificado,Las Lilas,-,15,Las_Lilas PME.pdf
No identificado,Las Lilas,Canales de comunicación,15,Las_Lilas PME.pdf
No identificado,Las Lilas,Difusión de los planes de gestión,14,Las_Lilas PME.pdf
No identificado,Las Lilas,Eventos institucionales,13,Las_Lilas PME.pdf
No identificado,Las Lilas,"Material audiovisual, didáctico, recreativo y musical",34,Las_Lilas PME.pdf
No identificado,Las Lilas,Natación,6,Las_Lilas PME.pdf
No identificado,Las Lilas,Vinculación Institucional Educación e Infancia.,7,Las_Lilas PME.pdf
No identificado,Las Lilas,Plan Lector,8,Las_Lilas PME.pdf
No identificado,Las Lilas,Cultura colaborativa entre pares,8,Las_Lilas PME.pdf
No identificado,Las Lilas,Estimulación temprana para habilidades psicomotrices,9,Las_Lilas PME.pdf
No identificado,Las Lilas,Proceso de Alfabetización y hábito lector,10,Las_Lilas PME.pdf
No identificado,Las Lilas,La Biblioteca como un espacio educativo,11,Las_Lilas PME.pdf
No identificado,Las Lilas,Redes comunales COMUDEF 2025. Fortaleciendo la,12,Las_Lilas PME.pdf
No identificado,Las Lilas,“Desarrolla definición de roles y funciones del equipo PIE”,17,Las_Lilas PME.pdf
No identificado,Las Lilas,Pedagógica a través de la Colaboración.,12,Las_Lilas PME.pdf
No identificado,Las Lilas,Reuniones de Equipos de aula,12,Las_Lilas PME.pdf
No identificado,Las Lilas,Artículos Escolares Específicos,33,Las_Lilas PME.pdf
No identificado,Los Almendros,Adquisición de proyectores,26,Los_Almendros PME.pdf
No identificado,Los Almendros,Socializando resultados,16,Los_Almendros PME.pdf
No identificado,Los Almendros,Redes comunales COMUDEF 2025,15,Los_Almendros PME.pdf
No identificado,Los Almendros,“Desarrolla definición de roles y funciones del equipo PIE”,14,Los_Almendros PME.pdf
No identificado,Los Almendros,Proyecto Educativo Institucional con enfoque inclusivo,14,Los_Almendros PME.pdf
No identificado,Los Almendros,Actualización de planes de gestión educativa,13,Los_Almendros PME.pdf
No identificado,Los Almendros,Hitos institucionales,12,Los_Almendros PME.pdf
No identificado,Los Almendros,“Conformación de Equipos de Aula”,11,Los_Almendros PME.pdf
No identificado,Los Almendros,Acompañamiento a la preparación de la enseñanza,10,Los_Almendros PME.pdf
No identificado,Los Almendros,Acompañamiento al aula,10,Los_Almendros PME.pdf
No identificado,Los Almendros,Plan Lector,9,Los_Almendros PME.pdf
No identificado,Los Almendros,Vinculación Institucional Educación e Infancia.,8,Los_Almendros PME.pdf
No identificado,Los Almendros,Plan de Adecuaciones Curriculares Individualizado (PACI),8,Los_Almendros PME.pdf
No identificado,Los Almendros,“PLAN DE APOYO INDIVIDUAL” (PAI),7,Los_Almendros PME.pdf
No identificado,Los Almendros,Respuesta a la diversidad y a las NEE de los estudiantes”,6,Los_Almendros PME.pdf
No identificado,Los Almendros,Reglamento de Evaluación y Promoción responde a las necesidades educativas de todos los estudiantes,6,Los_Almendros PME.pdf
No identificado,Los Almendros,Hitos pedagógicos,5,Los_Almendros PME.pdf
No identificado,Los Almendros,Estrategias de transición educativa (ETE),4,Los_Almendros PME.pdf
No identificado,Los Almendros,Salidas Didacticas,4,Los_Almendros PME.pdf
No identificado,Los Almendros,Comité de asistencia,16,Los_Almendros PME.pdf
No identificado,Los Almendros,Salas tematicas,25,Los_Almendros PME.pdf
No identificado,Los Almendros,Plan Comunal de Fomento a la Asistencia 2025,17,Los_Almendros PME.pdf
No identificado,Los Almendros,Resolvamos nuestros conflictos,19,Los_Almendros PME.pdf
No identificado,Los Almendros,“Disposición de material de oficina e instrumentos de evaluación EVALUA para el Programa PIE,27,Los_Almendros PME.pdf
No identificado,Los Almendros,Servicios Tecnológicos,28,Los_Almendros PME.pdf
No identificado,Los Almendros,Profesionales de Apoyo,28,Los_Almendros PME.pdf
No identificado,Los Almendros,Servicio de multicopiado,29,Los_Almendros PME.pdf
No identificado,Los Almendros,Respuesta a la diversidad y a las NEE de los estudiantes,25,Los_Almendros PME.pdf
No identificado,Los Almendros,Articulos deportivos y recreativos,30,Los_Almendros PME.pdf
No identificado,Los Almendros,Medallas y galvanos,31,Los_Almendros PME.pdf
No identificado,Los Almendros,Transporte salidas didacticas,32,Los_Almendros PME.pdf
No identificado,Los Almendros,Articulos escolares especificos,33,Los_Almendros PME.pdf
No identificado,Los Almendros,Organización de espacios educativos,34,Los_Almendros PME.pdf
No identificado,Los Almendros,Gestión de recursos pedagógicos,35,Los_Almendros PME.pdf
No identificado,Los Almendros,Docentes y comunidad escolar informados,24,Los_Almendros PME.pdf
No identificado,Los Almendros,“Apoderados y estudiantes informados y participantes de los procesos de aprendizaje y evaluación,23,Los_Almendros PME.pdf
No identificado,Los Almendros,Retroalimentación y entrega de estrategias,23,Los_Almendros PME.pdf
No identificado,Los Almendros,Derivación a estudiantes,22,Los_Almendros PME.pdf
No identificado,Los Almendros,Recreos entretenidos,21,Los_Almendros PME.pdf
No identificado,Los Almendros,Plan de Trabajo: Área de Sostenibilidad y Cuidado del Medio Ambiente.,21,Los_Almendros PME.pdf
No identificado,Los Almendros,Orientaciones para Promover el Bienestar y el Resguardo de la Salud Mental en las Comunidades,20,Los_Almendros PME.pdf
No identificado,Los Almendros,Actividades Comunales de Formación Integral,19,Los_Almendros PME.pdf
No identificado,Los Almendros,Voces del Liceo Encuentros para una Mejor Convivencia,18,Los_Almendros PME.pdf
No identificado,Los Almendros,insumos de libreria y oficina,30,Los_Almendros PME.pdf
No identificado,Los Cerezos,Pedagógica a través de la Colaboración.,8,Los_Cerezos PME.pdf
No identificado,Los Cerezos,Transporte para Salidas Pedagógicas,18,Los_Cerezos PME.pdf
No identificado,Los Cerezos,Vinculación Institucional Educación e Infancia - COMUNAL,3,Los_Cerezos PME.pdf
No identificado,Los Cerezos,Plan Lector - COMUNAL,4,Los_Cerezos PME.pdf
No identificado,Los Cerezos,"Fortalecimiento de los procesos curriculares, didácticos y evaluativos en el aula",4,Los_Cerezos PME.pdf
No identificado,Los Cerezos,Planes institucionales para el fortalecimiento de los aprendizajes,5,Los_Cerezos PME.pdf
No identificado,Los Cerezos,Plan Comunal de Fomento a la Asistencia 2025.,6,Los_Cerezos PME.pdf
No identificado,Los Cerezos,Monitoreo y Gestión de datos institucionales para la mejora continua del establecimiento,7,Los_Cerezos PME.pdf
No identificado,Los Cerezos,Redes comunales COMUDEF 2025. Fortaleciendo la,8,Los_Cerezos PME.pdf
No identificado,Los Cerezos,Artículos Escolares Específicos,19,Los_Cerezos PME.pdf
No identificado,Los Cerezos,Plan de desarrollo y reconocimiento profesional,9,Los_Cerezos PME.pdf
No identificado,Los Cerezos,Plan institucional de Gestión de la Convivencia Escolar y Promoción de la Asistencia,9,Los_Cerezos PME.pdf
No identificado,Los Cerezos,Competencias deportivas y actividades Comunales de Formación Integral.,11,Los_Cerezos PME.pdf
No identificado,Los Cerezos,Orientaciones para Promover el Bienestar y el Resguardo de la Salud Mental en las Comunidades,12,Los_Cerezos PME.pdf
No identificado,Los Cerezos,Plan de Trabajo: Área de Sostenibilidad y Cuidado del Medio Ambiente.,12,Los_Cerezos PME.pdf
No identificado,Los Cerezos,Servicios Tecnológicos.,13,Los_Cerezos PME.pdf
No identificado,Los Cerezos,Profesionales de Apoyo,14,Los_Cerezos PME.pdf
No identificado,Los Cerezos,Servicio de Multicopiado,15,Los_Cerezos PME.pdf
No identificado,Los Cerezos,Insumos de Oficina y Librería,16,Los_Cerezos PME.pdf
No identificado,Los Cerezos,Artículos Deportivos y Recreativos,17,Los_Cerezos PME.pdf
No identificado,Los Cerezos,Medallas y Galvanos,17,Los_Cerezos PME.pdf
No identificado,Los Cerezos,Desarrollo de competencias en materia de Convivencia Escolar,10,Los_Cerezos PME.pdf
No identificado,Los Navíos,Medallas y Galvanos.,35,Los_Navíos PME.pdf
No identificado,Los Navíos,Transporte para Salidas Pedagógicas.,36,Los_Navíos PME.pdf
No identificado,Los Navíos,Artículos Deportivos y Recreativos.,34,Los_Navíos PME.pdf
No identificado,Los Navíos,Proyecto Artístico Cultural,38,Los_Navíos PME.pdf
No identificado,Los Navíos,Artículos Escolares Específicos.,37,Los_Navíos PME.pdf
No identificado,Los Navíos,Insumos de Oficina y Librería.,33,Los_Navíos PME.pdf
No identificado,Los Navíos,Elaboración y adaptación de instrumentos y de procedimientos de evaluación de aprendizajes,13,Los_Navíos PME.pdf
No identificado,Los Navíos,Profesionales de Apoyo,31,Los_Navíos PME.pdf
No identificado,Los Navíos,Plan de Adecuaciones Curriculares Individualizado (PACI),15,Los_Navíos PME.pdf
No identificado,Los Navíos,PLAN DE APOYO INDIVIDUAL” (PAI),14,Los_Navíos PME.pdf
No identificado,Los Navíos,Respuesta a la diversidad y a las NEE de los estudiantes,13,Los_Navíos PME.pdf
No identificado,Los Navíos,Secuenciación de objetivos de aprendizaje para estudiantes que presentan NEE,12,Los_Navíos PME.pdf
No identificado,Los Navíos,Servicio de Multicopiado.,32,Los_Navíos PME.pdf
No identificado,Los Navíos,Conformación de Equipos de Aula,11,Los_Navíos PME.pdf
No identificado,Los Navíos,Talleres a docentes y asistentes,10,Los_Navíos PME.pdf
No identificado,Los Navíos,Redes comunales COMUDEF 2025. Fortaleciendo la,15,Los_Navíos PME.pdf
No identificado,Los Navíos,"Muestras, concursos y ceremonias académicas",9,Los_Navíos PME.pdf
No identificado,Los Navíos,Monitoreo de planes de acompañamiento,7,Los_Navíos PME.pdf
No identificado,Los Navíos,Análisis de datos Instrumentos de evaluación,7,Los_Navíos PME.pdf
No identificado,Los Navíos,Fortalecer plan de lecturas complementarias,6,Los_Navíos PME.pdf
No identificado,Los Navíos,Plan Lector,5,Los_Navíos PME.pdf
No identificado,Los Navíos,Programa de Ciencias y Tecnología Explora,5,Los_Navíos PME.pdf
No identificado,Los Navíos,Vinculación Institucional Educación e Infancia.,4,Los_Navíos PME.pdf
No identificado,Los Navíos,Acompañamiento al aula y retroalimentación.,3,Los_Navíos PME.pdf
No identificado,Los Navíos,Salidas pedagógicas,8,Los_Navíos PME.pdf
No identificado,Los Navíos,Pedagógica a través de la Colaboración.,15,Los_Navíos PME.pdf
No identificado,Los Navíos,Aplicación de estrategias de Co-enseñanza,11,Los_Navíos PME.pdf
No identificado,Los Navíos,Actualización de planes de Gestión Educativa,17,Los_Navíos PME.pdf
No identificado,Los Navíos,Servicios Tecnológicos.,30,Los_Navíos PME.pdf
No identificado,Los Navíos,Plan Comunal de Fomento a la Asistencia 2025.,16,Los_Navíos PME.pdf
No identificado,Los Navíos,Capacitación y autocapacitación DEC para estudiantes,28,Los_Navíos PME.pdf
No identificado,Los Navíos,Comunidad es informados de los resultados de la Ev. diagnóstica de ingreso/avance/cierre,28,Los_Navíos PME.pdf
No identificado,Los Navíos,Apoderados y estudiantes informados de los resultados de la Evaluación diagnóstica de ingreso a PIE,27,Los_Navíos PME.pdf
No identificado,Los Navíos,Mesa técnica,26,Los_Navíos PME.pdf
No identificado,Los Navíos,Plan mejora de asistencia,26,Los_Navíos PME.pdf
No identificado,Los Navíos,Registro de derivaciones,25,Los_Navíos PME.pdf
No identificado,Los Navíos,Plan de Trabajo: Área de Sostenibilidad y Cuidado del Medio Ambiente.,24,Los_Navíos PME.pdf
No identificado,Los Navíos,Intrumentos EVALUA para PIE,30,Los_Navíos PME.pdf
No identificado,Los Navíos,Actividades comunales de Formación Integral,23,Los_Navíos PME.pdf
No identificado,Los Navíos,Desarrolla definición de roles y funciones del equipo PIE,22,Los_Navíos PME.pdf
No identificado,Los Navíos,Proyecto Educativo Institucional con enfoque inclusivo,21,Los_Navíos PME.pdf
No identificado,Los Navíos,Jornadas de reflexión por cierre de semestre,20,Los_Navíos PME.pdf
No identificado,Los Navíos,Seguimiento a PME,19,Los_Navíos PME.pdf
No identificado,Los Navíos,Cultura de Altas expectativas,18,Los_Navíos PME.pdf
No identificado,Los Navíos,Orientaciones para promover el bienestar y resguardo de la salud mental en las comunidades educativa,24,Los_Navíos PME.pdf
No identificado,Maestra Elsa,Servicios Tecnológicos.,20,Maestra_Elsa PME.pdf
No identificado,Maestra Elsa,Profesionales de Apoyo,21,Maestra_Elsa PME.pdf
No identificado,Maestra Elsa,Servicio de Multicopiado.,22,Maestra_Elsa PME.pdf
No identificado,Maestra Elsa,Insumos de Oficina y Librería.,23,Maestra_Elsa PME.pdf
No identificado,Maestra Elsa,Artículos Deportivos y Recreativos.,24,Maestra_Elsa PME.pdf
No identificado,Maestra Elsa,Medallas y Galvanos.,25,Maestra_Elsa PME.pdf
No identificado,Maestra Elsa,Transporte para Salidas Pedagógicas.,26,Maestra_Elsa PME.pdf
No identificado,Maestra Elsa,Artículos Escolares Específicos.,27,Maestra_Elsa PME.pdf
No identificado,Maestra Elsa,adquisición de notebook.,30,Maestra_Elsa PME.pdf
No identificado,Maestra Elsa,Ceremonias institucionales,35,Maestra_Elsa PME.pdf
No identificado,Maestra Elsa,Recreos entretenidos,31,Maestra_Elsa PME.pdf
No identificado,Maestra Elsa,Colaciones de salidas pedagógicas,31,Maestra_Elsa PME.pdf
No identificado,Maestra Elsa,incentivo alumnos destacados en diferentes disciplinas,32,Maestra_Elsa PME.pdf
No identificado,Maestra Elsa,Material de apoyo a la inclusión,33,Maestra_Elsa PME.pdf
No identificado,Maestra Elsa,Material para laboratorio de Ciencias,34,Maestra_Elsa PME.pdf
No identificado,Maestra Elsa,capacitación y autocapacitación en el abordaje de estrategias para la desregulación de estudiantes,19,Maestra_Elsa PME.pdf
No identificado,Maestra Elsa,Disposición de oficina e instrumentos de evaluación EVALUA para el PIE,28,Maestra_Elsa PME.pdf
No identificado,Maestra Elsa,comunidad escolar informados de los resultados de la Evaluación diagnóstica de ingreso a PIE,18,Maestra_Elsa PME.pdf
No identificado,Maestra Elsa,Material tecnológico,29,Maestra_Elsa PME.pdf
No identificado,Maestra Elsa,“Apoderados y estudiantes informados de los resultados de la Evaluación diagnóstica de ingreso a PIE,16,Maestra_Elsa PME.pdf
No identificado,Maestra Elsa,Apoderados y estudiantes informados y participantes de los procesos de aprendizaje y de evaluación,17,Maestra_Elsa PME.pdf
No identificado,Maestra Elsa,Vinculación Institucional Educación e Infancia.,3,Maestra_Elsa PME.pdf
No identificado,Maestra Elsa,Plan Lector,4,Maestra_Elsa PME.pdf
No identificado,Maestra Elsa,“Conformación de Equipos de Aula”,5,Maestra_Elsa PME.pdf
No identificado,Maestra Elsa,“Aplicación de estrategias de Co-enseñanza”,6,Maestra_Elsa PME.pdf
No identificado,Maestra Elsa,“ Elaboración y adaptación de instrumentos y de procedimientos de evaluación de aprendizajes”,7,Maestra_Elsa PME.pdf
No identificado,Maestra Elsa,“Respuesta a la diversidad y a las NEE de los estudiantes”,8,Maestra_Elsa PME.pdf
No identificado,Maestra Elsa,“PLAN DE APOYO INDIVIDUAL” (PAI),9,Maestra_Elsa PME.pdf
No identificado,Maestra Elsa,“Monitoreo al aula y retroalimentación de estrategias de co- enseñanza,6,Maestra_Elsa PME.pdf
No identificado,Maestra Elsa,Redes comunales COMUDEF 2025. Fortaleciendo la,10,Maestra_Elsa PME.pdf
No identificado,Maestra Elsa,Plan de Adecuaciones Curriculares Individualizado (PACI),9,Maestra_Elsa PME.pdf
No identificado,Maestra Elsa,Orientaciones para Promover el bienestar mental de las comunidades educativas,15,Maestra_Elsa PME.pdf
No identificado,Maestra Elsa,Actividades Comunales de Formación Integral.,14,Maestra_Elsa PME.pdf
No identificado,Maestra Elsa,“Desarrolla definición de roles y funciones del equipo PIE”,13,Maestra_Elsa PME.pdf
No identificado,Maestra Elsa,Plan de Trabajo: Área de Sostenibilidad y Cuidado del Medio Ambiente.,16,Maestra_Elsa PME.pdf
No identificado,Maestra Elsa,Plan Comunal de Fomento a la Asistencia 2025.,11,Maestra_Elsa PME.pdf
No identificado,Maestra Elsa,Pedagógica a través de la Colaboración.,10,Maestra_Elsa PME.pdf
No identificado,Maestra Elsa,“Proyecto Educativo Institucional con enfoque inclusivo”.,12,Maestra_Elsa PME.pdf
No identificado,Marcela Paz,Insumos Tecnológicos,27,Marcela_Paz PME.pdf
No identificado,Marcela Paz,Actividades comunales de formación integral,21,Marcela_Paz PME.pdf
No identificado,Marcela Paz,"Respuesta a la diversidad y a las NEE de los estudiantes, a través de capacitación y autocapacitació",22,Marcela_Paz PME.pdf
No identificado,Marcela Paz,Orientaciones para Promover el Bienestar y el Resguardo de la Salud Mental en las Comunidades Educat,23,Marcela_Paz PME.pdf
No identificado,Marcela Paz,Plan de Trabajo: Área de Sostenibilidad y Cuidado del Medio Ambiente.,24,Marcela_Paz PME.pdf
No identificado,Marcela Paz,Implementación de espacios pedagógicos en Educación Parvularia.,25,Marcela_Paz PME.pdf
No identificado,Marcela Paz,Implementos y equipamientos de investigación científica,25,Marcela_Paz PME.pdf
No identificado,Marcela Paz,La Biblioteca como espacio de investigación,26,Marcela_Paz PME.pdf
No identificado,Marcela Paz,Recursos para la Gestión Pedagógica en el Aula,28,Marcela_Paz PME.pdf
No identificado,Marcela Paz,Implementación de artículos para el apoyo de la salud mental y física,36,Marcela_Paz PME.pdf
No identificado,Marcela Paz,Servicio de Multicopiado.,30,Marcela_Paz PME.pdf
No identificado,Marcela Paz,Insumos de Oficina y Librería.,30,Marcela_Paz PME.pdf
No identificado,Marcela Paz,Artículos Deportivos y Recreativos.,31,Marcela_Paz PME.pdf
No identificado,Marcela Paz,Medallas y Galvanos.,32,Marcela_Paz PME.pdf
No identificado,Marcela Paz,Transporte para Salidas Pedagógicas.,33,Marcela_Paz PME.pdf
No identificado,Marcela Paz,Artículos Escolares Específicos.,34,Marcela_Paz PME.pdf
No identificado,Marcela Paz,Tecnología para las aulas,35,Marcela_Paz PME.pdf
No identificado,Marcela Paz,Espacios para la construcción de sana y buena convivencia entre distintos estamentos de la,20,Marcela_Paz PME.pdf
No identificado,Marcela Paz,Profesionales de Apoyo,29,Marcela_Paz PME.pdf
No identificado,Marcela Paz,Radio escolar,20,Marcela_Paz PME.pdf
No identificado,Marcela Paz,Disposición de material de oficina e instrumentos de evaluación EVALUA para el Programa de integraci,27,Marcela_Paz PME.pdf
No identificado,Marcela Paz,Jornada de liderazgo estudiantil,18,Marcela_Paz PME.pdf
No identificado,Marcela Paz,Programa TRABÜN,19,Marcela_Paz PME.pdf
No identificado,Marcela Paz,Trabajo Colaborativo con PIE,3,Marcela_Paz PME.pdf
No identificado,Marcela Paz,Trabajo en equipo para socializar estrategias que hagan al alumno/a protagonista de su aprendizaje,4,Marcela_Paz PME.pdf
No identificado,Marcela Paz,Plan acompañamiento docente,5,Marcela_Paz PME.pdf
No identificado,Marcela Paz,Monitoreo de planes de acompañamiento pedagógico a los y las estudiantes,6,Marcela_Paz PME.pdf
No identificado,Marcela Paz,Estrategias de transición educativa (ETE),7,Marcela_Paz PME.pdf
No identificado,Marcela Paz,Aplicación de instrumentos de evaluación (DIA),8,Marcela_Paz PME.pdf
No identificado,Marcela Paz,Plataforma EDUTEN,9,Marcela_Paz PME.pdf
No identificado,Marcela Paz,Plan de acceso a la educación superior programa PACE UC,10,Marcela_Paz PME.pdf
No identificado,Marcela Paz,Plan de capacitaciones interrnas y/o externas,6,Marcela_Paz PME.pdf
No identificado,Marcela Paz,Apoyo proceso lecto-escritura,11,Marcela_Paz PME.pdf
No identificado,Marcela Paz,Monitoreo al aula y retroalimentación de estrategias de co- enseñanza,12,Marcela_Paz PME.pdf
No identificado,Marcela Paz,Estandarización de Intrumentos de gestión pedagógica,13,Marcela_Paz PME.pdf
No identificado,Marcela Paz,Trabajo intra e interdisciplinario para articulación progresiva de las habilidades,14,Marcela_Paz PME.pdf
No identificado,Marcela Paz,Redes Comunales,14,Marcela_Paz PME.pdf
No identificado,Marcela Paz,Reactivando la asistencia a clases,15,Marcela_Paz PME.pdf
No identificado,Marcela Paz,Actualización de Planes de Gestión educativa con énfasis en la inclusión y atención a la diversidad,16,Marcela_Paz PME.pdf
No identificado,Marcela Paz,Proyecto Educativo Institucional con Enfoque Inclusivo,17,Marcela_Paz PME.pdf
No identificado,Marcela Paz,"Aplicación programa ""Viajando por las Letras""",11,Marcela_Paz PME.pdf
No identificado,María Elena,Transporte para Salidas Pedagógicas.,27,María_Elena PME.pdf
No identificado,María Elena,EL LIDERAZGO ESTUDIANTIL PROMUEVE ESPACIOS PROTECTORES.,18,María_Elena PME.pdf
No identificado,María Elena,Plan de Trabajo: Área de Sostenibilidad y Cuidado del Medio Ambiente.,19,María_Elena PME.pdf
No identificado,María Elena,Servicios Tecnológicos.,20,María_Elena PME.pdf
No identificado,María Elena,Servicio multicopiado,21,María_Elena PME.pdf
No identificado,María Elena,"RINCON DEL JUEGO , LA GIMNASIA MOTRIZ Y LAS ACTIVIDADES RECREATIVAS",21,María_Elena PME.pdf
No identificado,María Elena,Profesionales de Apoyo,25,María_Elena PME.pdf
No identificado,María Elena,Medalla y galvanos,23,María_Elena PME.pdf
No identificado,María Elena,"EL PATIO DE MI COLEGIO ES SEGURO, ALEGRE Y ENTRETENIDO",24,María_Elena PME.pdf
No identificado,María Elena,Insumos de Oficina y Librería.,26,María_Elena PME.pdf
No identificado,María Elena,Artículos Deportivos y Recreativos.,26,María_Elena PME.pdf
No identificado,María Elena,"“RECONOCEMOS, FELICITAMOS Y DESTACAMOS A NUESTROS ESTUDIANTES POR SUS LOGROS”",18,María_Elena PME.pdf
No identificado,María Elena,Artículos Escolares Específicos.,22,María_Elena PME.pdf
No identificado,María Elena,Orientaciones para Promover el Bienestar y el Resguardo de la Salud Mental en las Comunidades Educat,17,María_Elena PME.pdf
No identificado,María Elena,Plan comunal fomento a la asistencia 2025,13,María_Elena PME.pdf
No identificado,María Elena,NOS CAPACITAMOS EN RESOLUCIÓN DE CONFLICTOS Y MANEJO DE EMOCIONES PARA MEJORAR NUESTROS INDICADORES.,15,María_Elena PME.pdf
No identificado,María Elena,Actividades Comunales de Formación Integral.,16,María_Elena PME.pdf
No identificado,María Elena,"ARTICULACIÓN DE ESTRATEGIAS DIVERSIFICADAS , INNOVADORAS Y CREATIVAS PARA ESTUDIANTES PIE",7,María_Elena PME.pdf
No identificado,María Elena,MI SALA DE I.A Y DE TICS ME PREPARA PARA EL FUTURO,7,María_Elena PME.pdf
No identificado,María Elena,"RINCON DE LA CREATIVIDAD, EL JUEGO Y EL INICIO LECTOR",8,María_Elena PME.pdf
No identificado,María Elena,"TENER LOS MATERIALES PEDAGÓGICOS QUE NECESITO, MOTIVA MI APRENDIZAJE",9,María_Elena PME.pdf
No identificado,María Elena,"RETROALIMENTACION PEDAGOGICA MEDIANTE EL ACOMPAÑAMIENTO AL AULA , PROYECTO ADECO.",6,María_Elena PME.pdf
No identificado,María Elena,Plan Lector,11,María_Elena PME.pdf
No identificado,María Elena,Redes comunales.,11,María_Elena PME.pdf
No identificado,María Elena,MI AGENDA ESCOLAR COMUNICA MI CASA Y MI COLEGIO,12,María_Elena PME.pdf
No identificado,María Elena,"QUEREMOS UN COLEGIO, PROTECTOR Y BIEN TRATANTE EN LOS RECREOS PARA JUGAR, APRENDER Y DIVERTIRNOS.",14,María_Elena PME.pdf
No identificado,María Elena,"NOS REUNIMOS, CONOCEMOS Y AJUSTAMOS NUESTROS INTRUMENTOS DE GESTIÓN PARA MEJORAR EL CLIMA ESCOLAR.",14,María_Elena PME.pdf
No identificado,María Elena,Vinculación Institucional Educación e Infancia.,10,María_Elena PME.pdf
No identificado,Santa Irene,Apoderados y estudiantes informados y participantes de los procesos de aprendizaje y de evaluación,12,Santa_Irene PME.pdf
No identificado,Santa Irene,Servicios tecnológicos,13,Santa_Irene PME.pdf
No identificado,Santa Irene,Servicio de multicopiado,14,Santa_Irene PME.pdf
No identificado,Santa Irene,Adquisiciones,18,Santa_Irene PME.pdf
No identificado,Santa Irene,Transporte para Salidas Pedagógicas.,16,Santa_Irene PME.pdf
No identificado,Santa Irene,Artículos Deportivos y Recreativos.,15,Santa_Irene PME.pdf
No identificado,Santa Irene,Artículos Escolares Específicos.,17,Santa_Irene PME.pdf
No identificado,Santa Irene,Material y útiles fungibles para las diversas actividades del PIE,17,Santa_Irene PME.pdf
No identificado,Santa Irene,Salidas al contacto con la naturaleza,12,Santa_Irene PME.pdf
No identificado,Santa Irene,Insumos de Oficina y Librería.,14,Santa_Irene PME.pdf
No identificado,Santa Irene,Jornadas de desarrollo personal,11,Santa_Irene PME.pdf
No identificado,Santa Irene,Pedagógica a través de la Colaboración.,5,Santa_Irene PME.pdf
No identificado,Santa Irene,Orientaciones para Promover el Bienestar y el Resguardo de la Salud Mental en las Comunidades Educat,9,Santa_Irene PME.pdf
No identificado,Santa Irene,Plan de Trabajo: Área de Sostenibilidad y Cuidado del Medio Ambiente.,10,Santa_Irene PME.pdf
No identificado,Santa Irene,Plan lector,3,Santa_Irene PME.pdf
No identificado,Santa Irene,Profesionales de Apoyo,4,Santa_Irene PME.pdf
No identificado,Santa Irene,Gestión educativa del PIE con docentes y otros profesionales.,4,Santa_Irene PME.pdf
No identificado,Santa Irene,Vinculación Institucional Educación e Infancia.,2,Santa_Irene PME.pdf
No identificado,Santa Irene,Plan Comunal de Fomento a la Asistencia 2025.,6,Santa_Irene PME.pdf
No identificado,Santa Irene,Ampliación de horizontes culturales,7,Santa_Irene PME.pdf
No identificado,Santa Irene,Compartiendo buenas prácticas de co-docencia,7,Santa_Irene PME.pdf
No identificado,Santa Irene,Actividades Comunales de Formación Integral.,8,Santa_Irene PME.pdf
No identificado,Santa Irene,Redes comunales COMUDEF 2025. Fortaleciendo la,5,Santa_Irene PME.pdf
No identificado,Sol del Illimani,Retroalimentacion efectiva,23,Sol_del_Illimani PME.pdf
No identificado,Sol del Illimani,"reflexion pedagógica, articulacion y análisis",24,Sol_del_Illimani PME.pdf
No identificado,Sol del Illimani,"Diseño, implementación y evaluación del Plan de Convivencia",24,Sol_del_Illimani PME.pdf
No identificado,Sol del Illimani,Realización de consejos de profesores jefes y monitoreo a la asignatura orientación,25,Sol_del_Illimani PME.pdf
No identificado,Sol del Illimani,Actividades Comunales de Formación Integral.,26,Sol_del_Illimani PME.pdf
No identificado,Sol del Illimani,Orientaciones para Promover el Bienestar y el Resguardo de la Salud Mental en las Comunidades Educat,27,Sol_del_Illimani PME.pdf
No identificado,Sol del Illimani,Plan de Trabajo: Área de Sostenibilidad y Cuidado del Medio Ambiente.,27,Sol_del_Illimani PME.pdf
No identificado,Sol del Illimani,Propuestas de formacion continua,28,Sol_del_Illimani PME.pdf
No identificado,Sol del Illimani,Servicios Tecnológicos.,30,Sol_del_Illimani PME.pdf
No identificado,Sol del Illimani,Profesionales de Apoyo,35,Sol_del_Illimani PME.pdf
No identificado,Sol del Illimani,MATERIAL PEDAGOGICO DIVERSIFICADO,32,Sol_del_Illimani PME.pdf
No identificado,Sol del Illimani,Insumos de Oficina y Librería.,33,Sol_del_Illimani PME.pdf
No identificado,Sol del Illimani,Material Pedagógico,34,Sol_del_Illimani PME.pdf
No identificado,Sol del Illimani,Acompañamiento al aula de parte del equipo directivo,22,Sol_del_Illimani PME.pdf
No identificado,Sol del Illimani,Artículos Deportivos y Recreativos.,36,Sol_del_Illimani PME.pdf
No identificado,Sol del Illimani,Medallas y Galvanos.,37,Sol_del_Illimani PME.pdf
No identificado,Sol del Illimani,Transporte para Salidas Pedagógicas.,38,Sol_del_Illimani PME.pdf
No identificado,Sol del Illimani,Artículos Escolares Específicos.,39,Sol_del_Illimani PME.pdf
No identificado,Sol del Illimani,“Disposición de material de oficina e instrumentos de evaluación EVALUA para el Programa de integrac,40,Sol_del_Illimani PME.pdf
No identificado,Sol del Illimani,MANTENCIÓN INSTRUMENTOS MUSICALES,41,Sol_del_Illimani PME.pdf
No identificado,Sol del Illimani,Servicio de Multicopiado.,31,Sol_del_Illimani PME.pdf
No identificado,Sol del Illimani,Pauta de acompañamiento,22,Sol_del_Illimani PME.pdf
No identificado,Sol del Illimani,Difusion constante,29,Sol_del_Illimani PME.pdf
No identificado,Sol del Illimani,Pedagógica a través de la Colaboración.,20,Sol_del_Illimani PME.pdf
No identificado,Sol del Illimani,3. Plan Comunal de Fomento a la Asistencia 2025.,20,Sol_del_Illimani PME.pdf
No identificado,Sol del Illimani,1. Reuniones de trabajo quincenal,6,Sol_del_Illimani PME.pdf
No identificado,Sol del Illimani,2. Construcción del instrumento para diseño y planificación.,6,Sol_del_Illimani PME.pdf
No identificado,Sol del Illimani,4. Seguimiento aplicación día y ensayos Simce,8,Sol_del_Illimani PME.pdf
No identificado,Sol del Illimani,“Conformación de Equipos de Aula”,9,Sol_del_Illimani PME.pdf
No identificado,Sol del Illimani,“Monitoreo al aula y retroalimentación de estrategias de co- enseñanza,9,Sol_del_Illimani PME.pdf
No identificado,Sol del Illimani,Consejo de aula por nivel,10,Sol_del_Illimani PME.pdf
No identificado,Sol del Illimani,modelacion de buenas practicas y acompañamiento de pares,11,Sol_del_Illimani PME.pdf
No identificado,Sol del Illimani,revitalizacion de la codocencia,12,Sol_del_Illimani PME.pdf
No identificado,Sol del Illimani,aplicacion de pruebas Dia y ensayos SIMCE,12,Sol_del_Illimani PME.pdf
No identificado,Sol del Illimani,3. Exposición de los proyectos,7,Sol_del_Illimani PME.pdf
No identificado,Sol del Illimani,“Desarrolla definición de roles y funciones del equipo PIE”,14,Sol_del_Illimani PME.pdf
No identificado,Sol del Illimani,1. Socializacion y análisis de la pauta de evaluación.,15,Sol_del_Illimani PME.pdf
No identificado,Sol del Illimani,2. Elaboracion e implementación de un plan de acompañamiento.,15,Sol_del_Illimani PME.pdf
No identificado,Sol del Illimani,3. Retroalimentacion,16,Sol_del_Illimani PME.pdf
No identificado,Sol del Illimani,4. Revisión pauta,17,Sol_del_Illimani PME.pdf
No identificado,Sol del Illimani,5. Participación en actividades de formación diversas,17,Sol_del_Illimani PME.pdf
No identificado,Sol del Illimani,Plan Lector,18,Sol_del_Illimani PME.pdf
No identificado,Sol del Illimani,1. Embajadores Sol del Illimani,19,Sol_del_Illimani PME.pdf
No identificado,Sol del Illimani,Vinculación Institucional Educación e Infancia.,13,Sol_del_Illimani PME.pdf
No identificado,Sol del Illimani,2.Redes comunales COMUDEF 2025. Fortaleciendo la,20,Sol_del_Illimani PME.pdf
No identificado,Sótero,Plan de Trabajo: Área de Sostenibilidad y Cuidado del Medio Ambiente.,17,Sótero PME.pdf
No identificado,Sótero,Docentes y comunidad escolar informados de los resultados de la Evaluación diagnóstica de ingreso a,18,Sótero PME.pdf
No identificado,Sótero,Implementación de una sala para desarrollar la metodología de “Juego de Zonas”,19,Sótero PME.pdf
No identificado,Sótero,implementación de rincones de la calma y sensoriomotriz,20,Sótero PME.pdf
No identificado,Sótero,Implementación de un espacio de trabajo que facilite dinámicas grupales e individuales en intervenc,20,Sótero PME.pdf
No identificado,Sótero,Servicios Tecnológicos.,21,Sótero PME.pdf
No identificado,Sótero,Gestión de recursos educativos,25,Sótero PME.pdf
No identificado,Sótero,Insumos de Oficina y Librería.,23,Sótero PME.pdf
No identificado,Sótero,Artículos Deportivos y Recreativos.,24,Sótero PME.pdf
No identificado,Sótero,Transporte para Salidas Pedagógicas,27,Sótero PME.pdf
No identificado,Sótero,Artículos Escolares Específicos,28,Sótero PME.pdf
No identificado,Sótero,Profesionales de Apoyo,29,Sótero PME.pdf
No identificado,Sótero,Orientaciones para Promover el Bienestar y el Resguardo de la Salud Mental en las Comunidades Educat,16,Sótero PME.pdf
No identificado,Sótero,Servicio de Multicopiado.,22,Sótero PME.pdf
No identificado,Sótero,Actividades Comunales de Formación Integral.,15,Sótero PME.pdf
No identificado,Sótero,Acompañamiento al aula y retroalimentación,6,Sótero PME.pdf
No identificado,Sótero,Desarrolla definición de roles y funciones del equipo PIE,14,Sótero PME.pdf
No identificado,Sótero,Actualización de Planes de Gestión Educativa,13,Sótero PME.pdf
No identificado,Sótero,Plan Comunal de Fomento a la Asistencia 2025.,11,Sótero PME.pdf
No identificado,Sótero,Pedagógica a través de la Colaboración.,10,Sótero PME.pdf
No identificado,Sótero,Redes comunales COMUDEF 2025. Fortaleciendo la,10,Sótero PME.pdf
No identificado,Sótero,Fortalecer el aprendizaje en matemáticas mediante el uso de materiales pedagógicos.,10,Sótero PME.pdf
No identificado,Sótero,Estrategias de transición educativa (ETE),9,Sótero PME.pdf
No identificado,Sótero,Monitoreo de los planes de acompañamiento pedagógico,8,Sótero PME.pdf
No identificado,Sótero,Plan lector,7,Sótero PME.pdf
No identificado,Sótero,Talleres Técnico Pedagógico,5,Sótero PME.pdf
No identificado,Sótero,Plan de Adecuaciones Curriculares Individualizado (PACI),5,Sótero PME.pdf
No identificado,Sótero,Monitoreo curricular,4,Sótero PME.pdf
No identificado,Sótero,Vinculación Institucional Educación e Infancia.,3,Sótero PME.pdf
No identificado,Sótero,Disposición de material de oficina e instrumentos de evaluación EVALUA para el Programa de integraci,30,Sótero PME.pdf
No identificado,Sótero,Implementación de correos institucionales para funcionarios y funcionarias,15,Sótero PME.pdf
No identificado,Sótero,Fortalecer el trabajo de profesionales de apoyo PIE en el desarrollo de habilidades.,31,Sótero PME.pdf
